type,sourceName,sourceVersion,productType,device,Date,endDate,activityType,duration,durationUnit,totalEnergyBurned,totalDistance,totalSwimmingStrokeCount,totalFlightsClimbed,HKAverageMETs,HKIndoorWorkout,HKWeatherHumidity,HKWeatherTemperature,HKTimeZone
HKWorkoutTypeIdentifier,James’s Apple Watch,7.5,"Watch6,2","<<HKDevice: 0x283a8cb90>, name:Apple Watch, manufacturer:Apple Inc., model:Watch, hardware:Watch6,2, software:7.5>",2021-10-03 22:17:51 +0000,2021-10-03 23:45:09 +0000,TraditionalStrengthTraining,5237.648697972298,sec,795.169 kcal,,,,6.18283 kcal/hr·kg,0,2900 %,73.4 degF,America/Los_Angeles
HKWorkoutTypeIdentifier,James’s Apple Watch,7.5,"Watch6,2","<<HKDevice: 0x283a8cb90>, name:Apple Watch, manufacturer:Apple Inc., model:Watch, hardware:Watch6,2, software:7.5>",2021-10-04 22:47:40 +0000,2021-10-05 00:24:16 +0000,TraditionalStrengthTraining,5795.388977885246,sec,1121.56 kcal,,,,7.92698 kcal/hr·kg,0,3700 %,71.6 degF,America/Los_Angeles
HKWorkoutTypeIdentifier,James’s Apple Watch,7.5,"Watch6,2","<<HKDevice: 0x283a8cb90>, name:Apple Watch, manufacturer:Apple Inc., model:Watch, hardware:Watch6,2, software:7.5>",2021-10-06 22:42:21 +0000,2021-10-07 00:17:46 +0000,TraditionalStrengthTraining,5724.6444799900055,sec,1084.28 kcal,,,,7.86117 kcal/hr·kg,0,4100 %,57.2 degF,America/Los_Angeles
HKWorkoutTypeIdentifier,James’s Apple Watch,7.5,"Watch6,2","<<HKDevice: 0x283a8cb90>, name:Apple Watch, manufacturer:Apple Inc., model:Watch, hardware:Watch6,2, software:7.5>",2021-10-07 18:37:41 +0000,2021-10-07 19:41:35 +0000,TraditionalStrengthTraining,3834.004797935486,sec,564.692 kcal,,,,5.63274 kcal/hr·kg,0,5200 %,53.6 degF,America/Los_Angeles
HKWorkoutTypeIdentifier,James’s Apple Watch,7.5,"Watch6,2","<<HKDevice: 0x283a8cb90>, name:Apple Watch, manufacturer:Apple Inc., model:Watch, hardware:Watch6,2, software:7.5>",2021-10-08 21:20:25 +0000,2021-10-08 22:37:32 +0000,TraditionalStrengthTraining,4626.296316027641,sec,1115.62 kcal,,,,10.0274 kcal/hr·kg,0,4200 %,57.2 degF,America/Los_Angeles
HKWorkoutTypeIdentifier,James’s Apple Watch,7.5,"Watch6,2","<<HKDevice: 0x283a8cb90>, name:Apple Watch, manufacturer:Apple Inc., model:Watch, hardware:Watch6,2, software:7.5>",2021-10-10 22:00:20 +0000,2021-10-10 23:33:00 +0000,TraditionalStrengthTraining,5559.919207930565,sec,594.181 kcal,,,,3.71868 kcal/hr·kg,0,2000 %,60.8 degF,America/Los_Angeles
HKWorkoutTypeIdentifier,James’s Apple Watch,7.5,"Watch6,2","<<HKDevice: 0x283a8cb90>, name:Apple Watch, manufacturer:Apple Inc., model:Watch, hardware:Watch6,2, software:7.5>",2021-10-11 22:37:06 +0000,2021-10-12 00:10:10 +0000,TraditionalStrengthTraining,5584.346232891083,sec,1299.53 kcal,,,,9.49999 kcal/hr·kg,0,2300 %,55.4 degF,America/Los_Angeles
HKWorkoutTypeIdentifier,James’s Apple Watch,7.5,"Watch6,2","<<HKDevice: 0x283a8cb90>, name:Apple Watch, manufacturer:Apple Inc., model:Watch, hardware:Watch6,2, software:7.5>",2021-10-13 03:15:38 +0000,2021-10-13 04:01:54 +0000,TraditionalStrengthTraining,2775.788501024246,sec,613.018 kcal,,,,9.17243 kcal/hr·kg,0,4300 %,42.8 degF,America/Los_Angeles
HKWorkoutTypeIdentifier,James’s Apple Watch,7.5,"Watch6,2","<<HKDevice: 0x283a8cb90>, name:Apple Watch, manufacturer:Apple Inc., model:Watch, hardware:Watch6,2, software:7.5>",2021-10-13 22:18:00 +0000,2021-10-13 23:56:30 +0000,TraditionalStrengthTraining,5909.263664960861,sec,738.626 kcal,,,,4.65724 kcal/hr·kg,0,8300 %,42.8 degF,America/Los_Angeles
HKWorkoutTypeIdentifier,James’s Apple Watch,7.5,"Watch6,2","<<HKDevice: 0x283a8cb90>, name:Apple Watch, manufacturer:Apple Inc., model:Watch, hardware:Watch6,2, software:7.5>",2021-10-14 18:13:09 +0000,2021-10-14 19:33:43 +0000,TraditionalStrengthTraining,4834.120720982552,sec,676.539 kcal,,,,5.38836 kcal/hr·kg,0,7400 %,42.8 degF,America/Los_Angeles
HKWorkoutTypeIdentifier,James’s Apple Watch,7.5,"Watch6,2","<<HKDevice: 0x283a8cb90>, name:Apple Watch, manufacturer:Apple Inc., model:Watch, hardware:Watch6,2, software:7.5>",2021-10-15 21:08:01 +0000,2021-10-15 21:54:59 +0000,TraditionalStrengthTraining,2818.0590670108795,sec,295.316 kcal,,,,3.63876 kcal/hr·kg,0,5400 %,57.2 degF,America/Los_Angeles
HKWorkoutTypeIdentifier,James’s Apple Watch,7.5,"Watch6,2","<<HKDevice: 0x283a8cb90>, name:Apple Watch, manufacturer:Apple Inc., model:Watch, hardware:Watch6,2, software:7.5>",2021-10-18 01:34:46 +0000,2021-10-18 03:02:57 +0000,TraditionalStrengthTraining,5290.588231921196,sec,1069.46 kcal,,,,8.3305 kcal/hr·kg,0,5100 %,57.2 degF,America/Los_Angeles
HKWorkoutTypeIdentifier,James’s Apple Watch,7.5,"Watch6,2","<<HKDevice: 0x283a8cb90>, name:Apple Watch, manufacturer:Apple Inc., model:Watch, hardware:Watch6,2, software:7.5>",2021-10-18 22:22:57 +0000,2021-10-19 00:09:56 +0000,TraditionalStrengthTraining,6419.425128102303,sec,1332.72 kcal,,,,8.35156 kcal/hr·kg,0,3500 %,66.2 degF,America/Los_Angeles
HKWorkoutTypeIdentifier,James’s Apple Watch,7.5,"Watch6,2","<<HKDevice: 0x283a8cb90>, name:Apple Watch, manufacturer:Apple Inc., model:Watch, hardware:Watch6,2, software:7.5>",2021-10-19 18:33:45 +0000,2021-10-19 19:37:43 +0000,TraditionalStrengthTraining,3837.4087040424347,sec,587.312 kcal,,,,6.00198 kcal/hr·kg,0,5800 %,53.6 degF,America/Los_Angeles
HKWorkoutTypeIdentifier,James’s Apple Watch,7.5,"Watch6,2","<<HKDevice: 0x283a8cb90>, name:Apple Watch, manufacturer:Apple Inc., model:Watch, hardware:Watch6,2, software:7.5>",2021-10-20 21:26:55 +0000,2021-10-20 22:42:31 +0000,TraditionalStrengthTraining,4536.594711065292,sec,476.894 kcal,,,,3.69327 kcal/hr·kg,0,7300 %,55.4 degF,America/Los_Angeles
HKWorkoutTypeIdentifier,James’s Apple Watch,7.5,"Watch6,2","<<HKDevice: 0x283a8cb90>, name:Apple Watch, manufacturer:Apple Inc., model:Watch, hardware:Watch6,2, software:7.5>",2021-10-22 02:49:37 +0000,2021-10-22 04:16:01 +0000,TraditionalStrengthTraining,5183.981493115425,sec,947.453 kcal,,,,7.05094 kcal/hr·kg,0,6700 %,55.4 degF,America/Los_Angeles
HKWorkoutTypeIdentifier,James’s Apple Watch,7.5,"Watch6,2","<<HKDevice: 0x283a8cb90>, name:Apple Watch, manufacturer:Apple Inc., model:Watch, hardware:Watch6,2, software:7.5>",2021-10-22 22:24:03 +0000,2021-10-22 23:34:42 +0000,TraditionalStrengthTraining,4238.725656986237,sec,698.636 kcal,,,,6.51486 kcal/hr·kg,0,8900 %,51.8 degF,America/Los_Angeles
HKWorkoutTypeIdentifier,James’s Apple Watch,7.5,"Watch6,2","<<HKDevice: 0x283a8cb90>, name:Apple Watch, manufacturer:Apple Inc., model:Watch, hardware:Watch6,2, software:7.5>",2021-10-26 01:33:31 +0000,2021-10-26 02:42:24 +0000,TraditionalStrengthTraining,4133.432533025742,sec,753.041 kcal,,,,6.9945 kcal/hr·kg,0,5400 %,51.8 degF,America/Los_Angeles
HKWorkoutTypeIdentifier,James’s Apple Watch,7.5,"Watch6,2","<<HKDevice: 0x283a8cb90>, name:Apple Watch, manufacturer:Apple Inc., model:Watch, hardware:Watch6,2, software:7.5>",2021-10-26 18:15:41 +0000,2021-10-26 19:25:38 +0000,TraditionalStrengthTraining,4196.612825036049,sec,668.65 kcal,,,,6.37435 kcal/hr·kg,0,6300 %,50 degF,America/Los_Angeles
HKWorkoutTypeIdentifier,James’s Apple Watch,7.5,"Watch6,2","<<HKDevice: 0x283a8cb90>, name:Apple Watch, manufacturer:Apple Inc., model:Watch, hardware:Watch6,2, software:7.5>",2021-10-29 22:01:30 +0000,2021-10-29 22:36:19 +0000,TraditionalStrengthTraining,2088.58839905262,sec,215.982 kcal,,,,3.26083 kcal/hr·kg,0,6900 %,53.6 degF,America/Los_Angeles
HKWorkoutTypeIdentifier,James’s Apple Watch,7.5,"Watch6,2","<<HKDevice: 0x283a8cb90>, name:Apple Watch, manufacturer:Apple Inc., model:Watch, hardware:Watch6,2, software:7.5>",2021-11-01 00:20:13 +0000,2021-11-01 01:25:57 +0000,TraditionalStrengthTraining,3943.468649983406,sec,420.981 kcal,,,,3.702 kcal/hr·kg,0,3300 %,48.2 degF,America/Los_Angeles
HKWorkoutTypeIdentifier,James’s Apple Watch,7.5,"Watch6,2","<<HKDevice: 0x283a8cb90>, name:Apple Watch, manufacturer:Apple Inc., model:Watch, hardware:Watch6,2, software:7.5>",2021-11-01 22:38:16 +0000,2021-11-02 00:09:26 +0000,TraditionalStrengthTraining,5469.597363948822,sec,575.094 kcal,,,,3.60949 kcal/hr·kg,0,3500 %,53.6 degF,America/Los_Angeles
HKWorkoutTypeIdentifier,James’s Apple Watch,7.5,"Watch6,2","<<HKDevice: 0x283a8cb90>, name:Apple Watch, manufacturer:Apple Inc., model:Watch, hardware:Watch6,2, software:7.5>",2021-11-02 18:39:37 +0000,2021-11-02 19:50:42 +0000,TraditionalStrengthTraining,4265.75971698761,sec,922.042 kcal,,,,8.78429 kcal/hr·kg,0,7100 %,46.4 degF,America/Los_Angeles
HKWorkoutTypeIdentifier,James’s Apple Watch,7.5,"Watch6,2","<<HKDevice: 0x283a8cb90>, name:Apple Watch, manufacturer:Apple Inc., model:Watch, hardware:Watch6,2, software:7.5>",2021-11-05 00:25:59 +0000,2021-11-05 01:40:42 +0000,TraditionalStrengthTraining,4483.290318012238,sec,928.412 kcal,,,,8.65581 kcal/hr·kg,0,7200 %,55.4 degF,America/Los_Angeles
HKWorkoutTypeIdentifier,James’s Apple Watch,7.5,"Watch6,2","<<HKDevice: 0x283a8cb90>, name:Apple Watch, manufacturer:Apple Inc., model:Watch, hardware:Watch6,2, software:7.5>",2021-11-05 22:34:21 +0000,2021-11-06 00:34:07 +0000,TraditionalStrengthTraining,7185.24350297451,sec,1212.62 kcal,,,,6.70152 kcal/hr·kg,0,7900 %,48.2 degF,America/Los_Angeles
HKWorkoutTypeIdentifier,James’s Apple Watch,7.5,"Watch6,2","<<HKDevice: 0x283a8cb90>, name:Apple Watch, manufacturer:Apple Inc., model:Watch, hardware:Watch6,2, software:7.5>",2021-11-08 23:49:45 +0000,2021-11-09 01:21:35 +0000,TraditionalStrengthTraining,5510.422186970711,sec,954.36 kcal,,,,6.70107 kcal/hr·kg,0,4000 %,50 degF,America/Los_Angeles
HKWorkoutTypeIdentifier,James’s Apple Watch,7.5,"Watch6,2","<<HKDevice: 0x283a8cb90>, name:Apple Watch, manufacturer:Apple Inc., model:Watch, hardware:Watch6,2, software:7.5>",2021-11-09 19:36:42 +0000,2021-11-09 20:51:37 +0000,TraditionalStrengthTraining,4494.814821004868,sec,727.198 kcal,,,,6.48508 kcal/hr·kg,0,7900 %,48.2 degF,America/Los_Angeles
HKWorkoutTypeIdentifier,James’s Apple Watch,7.5,"Watch6,2","<<HKDevice: 0x283a8cb90>, name:Apple Watch, manufacturer:Apple Inc., model:Watch, hardware:Watch6,2, software:7.5>",2021-11-10 23:59:20 +0000,2021-11-11 01:08:37 +0000,TraditionalStrengthTraining,4156.984523057938,sec,690.979 kcal,,,,6.71643 kcal/hr·kg,0,6200 %,44.6 degF,America/Los_Angeles
HKWorkoutTypeIdentifier,James’s Apple Watch,7.5,"Watch6,2","<<HKDevice: 0x283a8cb90>, name:Apple Watch, manufacturer:Apple Inc., model:Watch, hardware:Watch6,2, software:7.5>",2021-11-12 01:18:37 +0000,2021-11-12 02:46:18 +0000,TraditionalStrengthTraining,5260.721915006638,sec,1024.34 kcal,,,,8.00784 kcal/hr·kg,0,8400 %,41 degF,America/Los_Angeles
HKWorkoutTypeIdentifier,James’s Apple Watch,7.5,"Watch6,2","<<HKDevice: 0x283a8cb90>, name:Apple Watch, manufacturer:Apple Inc., model:Watch, hardware:Watch6,2, software:7.5>",2021-11-12 22:22:38 +0000,2021-11-12 23:12:07 +0000,TraditionalStrengthTraining,2968.4436089992523,sec,439.225 kcal,,,,5.81355 kcal/hr·kg,0,10000 %,44.6 degF,America/Los_Angeles
HKWorkoutTypeIdentifier,James’s Apple Watch,7.5,"Watch6,2","<<HKDevice: 0x283a8cb90>, name:Apple Watch, manufacturer:Apple Inc., model:Watch, hardware:Watch6,2, software:7.5>",2021-11-14 23:16:59 +0000,2021-11-15 00:20:04 +0000,TraditionalStrengthTraining,3784.666489005089,sec,416.717 kcal,,,,3.83428 kcal/hr·kg,0,6900 %,59 degF,America/Los_Angeles
HKWorkoutTypeIdentifier,James’s Apple Watch,7.5,"Watch6,2","<<HKDevice: 0x283a8cb90>, name:Apple Watch, manufacturer:Apple Inc., model:Watch, hardware:Watch6,2, software:7.5>",2021-11-16 00:04:34 +0000,2021-11-16 01:19:38 +0000,TraditionalStrengthTraining,4503.768527030945,sec,822.71 kcal,,,,7.4378 kcal/hr·kg,0,4300 %,59 degF,America/Los_Angeles
HKWorkoutTypeIdentifier,James’s Apple Watch,7.5,"Watch6,2","<<HKDevice: 0x283a8cb90>, name:Apple Watch, manufacturer:Apple Inc., model:Watch, hardware:Watch6,2, software:7.5>",2021-11-16 19:53:46 +0000,2021-11-16 20:54:24 +0000,TraditionalStrengthTraining,3638.1501359939575,sec,774.704 kcal,,,,8.60446 kcal/hr·kg,0,5000 %,42.8 degF,America/Los_Angeles
HKWorkoutTypeIdentifier,James’s Apple Watch,7.5,"Watch6,2","<<HKDevice: 0x283a8cb90>, name:Apple Watch, manufacturer:Apple Inc., model:Watch, hardware:Watch6,2, software:7.5>",2021-11-18 00:41:38 +0000,2021-11-18 02:18:04 +0000,TraditionalStrengthTraining,5786.654029965401,sec,1484.21 kcal,,,,10.5699 kcal/hr·kg,0,5600 %,35.6 degF,America/Los_Angeles
HKWorkoutTypeIdentifier,James’s Apple Watch,7.5,"Watch6,2","<<HKDevice: 0x283a8cb90>, name:Apple Watch, manufacturer:Apple Inc., model:Watch, hardware:Watch6,2, software:7.5>",2021-11-19 01:28:20 +0000,2021-11-19 02:54:28 +0000,TraditionalStrengthTraining,5168.018141031265,sec,1223.55 kcal,,,,9.85454 kcal/hr·kg,0,9300 %,33.8 degF,America/Los_Angeles
HKWorkoutTypeIdentifier,James’s Apple Watch,7.5,"Watch6,2","<<HKDevice: 0x283a8cb90>, name:Apple Watch, manufacturer:Apple Inc., model:Watch, hardware:Watch6,2, software:7.5>",2021-11-22 03:51:21 +0000,2021-11-22 04:55:07 +0000,TraditionalStrengthTraining,3825.15134704113,sec,451.254 kcal,,,,4.37409 kcal/hr·kg,0,9100 %,33.8 degF,America/Los_Angeles
HKWorkoutTypeIdentifier,James’s Apple Watch,7.5,"Watch6,2","<<HKDevice: 0x283a8cb90>, name:Apple Watch, manufacturer:Apple Inc., model:Watch, hardware:Watch6,2, software:7.5>",2021-11-30 19:21:14 +0000,2021-11-30 20:28:44 +0000,TraditionalStrengthTraining,4050.187034010887,sec,998.111 kcal,,,,10.2494 kcal/hr·kg,0,7400 %,50 degF,America/Los_Angeles
HKWorkoutTypeIdentifier,James’s Apple Watch,7.5,"Watch6,2","<<HKDevice: 0x283a8cb90>, name:Apple Watch, manufacturer:Apple Inc., model:Watch, hardware:Watch6,2, software:7.5>",2021-12-13 18:40:45 +0000,2021-12-13 19:49:03 +0000,TraditionalStrengthTraining,4097.2821829319,sec,878.023 kcal,,,,8.81295 kcal/hr·kg,0,7900 %,35.6 degF,America/Los_Angeles
HKWorkoutTypeIdentifier,James’s Apple Watch,7.5,"Watch6,2","<<HKDevice: 0x283a8cb90>, name:Apple Watch, manufacturer:Apple Inc., model:Watch, hardware:Watch6,2, software:7.5>",2021-12-16 18:28:03 +0000,2021-12-16 19:57:58 +0000,TraditionalStrengthTraining,5395.169715046883,sec,946.579 kcal,,,,7.18494 kcal/hr·kg,0,8800 %,32 degF,America/Los_Angeles
HKWorkoutTypeIdentifier,James’s Apple Watch,7.5,"Watch6,2","<<HKDevice: 0x283a8cb90>, name:Apple Watch, manufacturer:Apple Inc., model:Watch, hardware:Watch6,2, software:7.5>",2022-01-12 00:44:35 +0000,2022-01-12 01:58:53 +0000,TraditionalStrengthTraining,4457.707489013672,sec,1047.56 kcal,,,,9.70818 kcal/hr·kg,0,8900 %,37.4 degF,America/Los_Angeles
HKWorkoutTypeIdentifier,James’s Apple Watch,7.5,"Watch6,2","<<HKDevice: 0x283a8cb90>, name:Apple Watch, manufacturer:Apple Inc., model:Watch, hardware:Watch6,2, software:7.5>",2022-01-13 00:13:47 +0000,2022-01-13 00:52:47 +0000,TraditionalStrengthTraining,2339.1830019950867,sec,533.455 kcal,,,,9.57227 kcal/hr·kg,0,9200 %,39.2 degF,America/Los_Angeles
HKWorkoutTypeIdentifier,James’s Apple Watch,7.5,"Watch6,2","<<HKDevice: 0x283a8cb90>, name:Apple Watch, manufacturer:Apple Inc., model:Watch, hardware:Watch6,2, software:7.5>",2022-01-15 00:05:43 +0000,2022-01-15 01:21:32 +0000,TraditionalStrengthTraining,4549.29657804966,sec,781.508 kcal,,,,6.99443 kcal/hr·kg,0,9700 %,35.6 degF,America/Los_Angeles
HKWorkoutTypeIdentifier,James’s Apple Watch,7.5,"Watch6,2","<<HKDevice: 0x283a8cb90>, name:Apple Watch, manufacturer:Apple Inc., model:Watch, hardware:Watch6,2, software:7.5>",2022-01-15 23:26:18 +0000,2022-01-16 00:34:35 +0000,TraditionalStrengthTraining,4097.154319047928,sec,856.261 kcal,,,,8.82321 kcal/hr·kg,0,8400 %,37.4 degF,America/Los_Angeles
HKWorkoutTypeIdentifier,James’s Apple Watch,7.5,"Watch6,2","<<HKDevice: 0x283a8cb90>, name:Apple Watch, manufacturer:Apple Inc., model:Watch, hardware:Watch6,2, software:7.5>",2022-01-20 00:01:14 +0000,2022-01-20 00:58:20 +0000,TraditionalStrengthTraining,3425.3941320180893,sec,805.739 kcal,,,,9.81037 kcal/hr·kg,0,8700 %,37.4 degF,America/Los_Angeles
HKWorkoutTypeIdentifier,James’s Apple Watch,7.5,"Watch6,2","<<HKDevice: 0x283a8cb90>, name:Apple Watch, manufacturer:Apple Inc., model:Watch, hardware:Watch6,2, software:7.5>",2022-01-24 00:52:30 +0000,2022-01-24 02:05:12 +0000,TraditionalStrengthTraining,4362.776584982872,sec,664.951 kcal,,,,6.06028 kcal/hr·kg,0,9700 %,30.2 degF,America/Los_Angeles
HKWorkoutTypeIdentifier,James’s Apple Watch,7.5,"Watch6,2","<<HKDevice: 0x283a8cb90>, name:Apple Watch, manufacturer:Apple Inc., model:Watch, hardware:Watch6,2, software:7.5>",2022-01-27 01:44:58 +0000,2022-01-27 03:07:46 +0000,TraditionalStrengthTraining,4967.743865013123,sec,784.743 kcal,,,,6.42457 kcal/hr·kg,0,8100 %,30.2 degF,America/Los_Angeles
HKWorkoutTypeIdentifier,James’s Apple Watch,7.5,"Watch6,2","<<HKDevice: 0x283a8cb90>, name:Apple Watch, manufacturer:Apple Inc., model:Watch, hardware:Watch6,2, software:7.5>",2022-01-28 01:03:39 +0000,2022-01-28 02:59:36 +0000,TraditionalStrengthTraining,6957.0728969573975,sec,990.084 kcal,,,,5.44546 kcal/hr·kg,0,6900 %,33.8 degF,America/Los_Angeles
HKWorkoutTypeIdentifier,James’s Apple Watch,7.5,"Watch6,2","<<HKDevice: 0x283a8cb90>, name:Apple Watch, manufacturer:Apple Inc., model:Watch, hardware:Watch6,2, software:7.5>",2022-01-31 23:40:48 +0000,2022-02-01 01:13:33 +0000,TraditionalStrengthTraining,5565.458341002464,sec,814.115 kcal,,,,5.80131 kcal/hr·kg,0,6100 %,37.4 degF,America/Los_Angeles
HKWorkoutTypeIdentifier,James’s Apple Watch,7.5,"Watch6,2","<<HKDevice: 0x283a8cb90>, name:Apple Watch, manufacturer:Apple Inc., model:Watch, hardware:Watch6,2, software:7.5>",2022-02-02 01:06:03 +0000,2022-02-02 02:39:56 +0000,TraditionalStrengthTraining,5632.977198958397,sec,669.468 kcal,,,,4.21511 kcal/hr·kg,0,7100 %,30.2 degF,America/Los_Angeles
HKWorkoutTypeIdentifier,James’s Apple Watch,7.5,"Watch6,2","<<HKDevice: 0x283a8cb90>, name:Apple Watch, manufacturer:Apple Inc., model:Watch, hardware:Watch6,2, software:7.5>",2022-02-03 01:08:48 +0000,2022-02-03 02:09:07 +0000,TraditionalStrengthTraining,3618.7164199352264,sec,675.007 kcal,,,,7.56451 kcal/hr·kg,0,8100 %,23 degF,America/Los_Angeles
HKWorkoutTypeIdentifier,James’s Apple Watch,7.5,"Watch6,2","<<HKDevice: 0x283a8cb90>, name:Apple Watch, manufacturer:Apple Inc., model:Watch, hardware:Watch6,2, software:7.5>",2022-02-08 00:08:38 +0000,2022-02-08 01:29:15 +0000,TraditionalStrengthTraining,4836.514058947563,sec,818.013 kcal,,,,6.34034 kcal/hr·kg,0,5700 %,48.2 degF,America/Los_Angeles
HKWorkoutTypeIdentifier,James’s Apple Watch,7.5,"Watch6,2","<<HKDevice: 0x283a8cb90>, name:Apple Watch, manufacturer:Apple Inc., model:Watch, hardware:Watch6,2, software:7.5>",2022-02-09 01:00:11 +0000,2022-02-09 02:45:43 +0000,TraditionalStrengthTraining,6332.464475035667,sec,646.401 kcal,,,,3.25029 kcal/hr·kg,0,7000 %,42.8 degF,America/Los_Angeles
HKWorkoutTypeIdentifier,James’s Apple Watch,7.5,"Watch6,2","<<HKDevice: 0x283a8cb90>, name:Apple Watch, manufacturer:Apple Inc., model:Watch, hardware:Watch6,2, software:7.5>",2022-02-10 18:03:14 +0000,2022-02-10 18:55:30 +0000,TraditionalStrengthTraining,3136.2148579359055,sec,553.037 kcal,,,,7.04765 kcal/hr·kg,0,9300 %,37.4 degF,America/Los_Angeles
HKWorkoutTypeIdentifier,James’s Apple Watch,7.5,"Watch6,2","<<HKDevice: 0x283a8cb90>, name:Apple Watch, manufacturer:Apple Inc., model:Watch, hardware:Watch6,2, software:7.5>",2022-02-16 01:14:22 +0000,2022-02-16 02:38:44 +0000,TraditionalStrengthTraining,5061.8236219882965,sec,582.402 kcal,,,,4.04814 kcal/hr·kg,0,5700 %,44.6 degF,America/Los_Angeles
HKWorkoutTypeIdentifier,James’s Apple Watch,7.5,"Watch6,2","<<HKDevice: 0x283a8cb90>, name:Apple Watch, manufacturer:Apple Inc., model:Watch, hardware:Watch6,2, software:7.5>",2022-02-17 17:57:58 +0000,2022-02-17 19:28:30 +0000,TraditionalStrengthTraining,5432.7631059885025,sec,989.981 kcal,,,,7.28825 kcal/hr·kg,0,7100 %,39.2 degF,America/Los_Angeles
HKWorkoutTypeIdentifier,James’s Apple Watch,7.5,"Watch6,2","<<HKDevice: 0x283a8cb90>, name:Apple Watch, manufacturer:Apple Inc., model:Watch, hardware:Watch6,2, software:7.5>",2022-02-24 17:49:04 +0000,2022-02-24 18:49:35 +0000,TraditionalStrengthTraining,3630.6459000110626,sec,550.087 kcal,,,,5.91164 kcal/hr·kg,0,6200 %,23 degF,America/Los_Angeles
HKWorkoutTypeIdentifier,James’s Apple Watch,7.5,"Watch6,2","<<HKDevice: 0x283a8cb90>, name:Apple Watch, manufacturer:Apple Inc., model:Watch, hardware:Watch6,2, software:7.5>",2022-02-26 23:55:05 +0000,2022-02-27 00:45:38 +0000,TraditionalStrengthTraining,3032.9696069955826,sec,449.947 kcal,,,,5.64766 kcal/hr·kg,0,3500 %,42.8 degF,America/Los_Angeles
HKWorkoutTypeIdentifier,James’s Apple Watch,7.5,"Watch6,2","<<HKDevice: 0x283a8cb90>, name:Apple Watch, manufacturer:Apple Inc., model:Watch, hardware:Watch6,2, software:7.5>",2022-03-02 00:34:04 +0000,2022-03-02 01:35:03 +0000,TraditionalStrengthTraining,3658.3290100097656,sec,606.463 kcal,,,,6.57266 kcal/hr·kg,0,5800 %,57.2 degF,America/Los_Angeles
HKWorkoutTypeIdentifier,James’s Apple Watch,7.5,"Watch6,2","<<HKDevice: 0x283a8cb90>, name:Apple Watch, manufacturer:Apple Inc., model:Watch, hardware:Watch6,2, software:7.5>",2022-03-02 23:55:42 +0000,2022-03-03 00:53:25 +0000,TraditionalStrengthTraining,3463.269557952881,sec,460.902 kcal,,,,4.72956 kcal/hr·kg,0,9200 %,46.4 degF,America/Los_Angeles
HKWorkoutTypeIdentifier,James’s Apple Watch,7.5,"Watch6,2","<<HKDevice: 0x283a8cb90>, name:Apple Watch, manufacturer:Apple Inc., model:Watch, hardware:Watch6,2, software:7.5>",2022-03-14 22:33:51 +0000,2022-03-14 23:59:50 +0000,TraditionalStrengthTraining,5159.275757908821,sec,931.146 kcal,,,,7.4582 kcal/hr·kg,0,6000 %,50 degF,America/Los_Angeles
HKWorkoutTypeIdentifier,James’s Apple Watch,7.5,"Watch6,2","<<HKDevice: 0x283a8cb90>, name:Apple Watch, manufacturer:Apple Inc., model:Watch, hardware:Watch6,2, software:7.5>",2022-03-15 23:57:25 +0000,2022-03-16 01:10:40 +0000,TraditionalStrengthTraining,4394.5187430381775,sec,843.439 kcal,,,,7.92321 kcal/hr·kg,0,3800 %,55.4 degF,America/Los_Angeles
HKWorkoutTypeIdentifier,James’s Apple Watch,7.5,"Watch6,2","<<HKDevice: 0x283a8cb90>, name:Apple Watch, manufacturer:Apple Inc., model:Watch, hardware:Watch6,2, software:7.5>",2022-03-16 22:54:34 +0000,2022-03-16 23:53:37 +0000,TraditionalStrengthTraining,3542.6122550964355,sec,811.032 kcal,,,,9.57006 kcal/hr·kg,0,3700 %,53.6 degF,America/Los_Angeles
HKWorkoutTypeIdentifier,James’s Apple Watch,7.5,"Watch6,2","<<HKDevice: 0x283a8cb90>, name:Apple Watch, manufacturer:Apple Inc., model:Watch, hardware:Watch6,2, software:7.5>",2022-03-21 22:26:56 +0000,2022-03-21 23:42:19 +0000,TraditionalStrengthTraining,4523.151112914085,sec,920.87 kcal,,,,8.49554 kcal/hr·kg,0,7400 %,44.6 degF,America/Los_Angeles
HKWorkoutTypeIdentifier,James’s Apple Watch,7.5,"Watch6,2","<<HKDevice: 0x283a8cb90>, name:Apple Watch, manufacturer:Apple Inc., model:Watch, hardware:Watch6,2, software:7.5>",2022-03-23 23:02:33 +0000,2022-03-24 00:12:07 +0000,TraditionalStrengthTraining,4174.560042023659,sec,891.381 kcal,,,,8.92733 kcal/hr·kg,0,5800 %,60.8 degF,America/Los_Angeles
HKWorkoutTypeIdentifier,James’s Apple Watch,7.5,"Watch6,2","<<HKDevice: 0x283a8cb90>, name:Apple Watch, manufacturer:Apple Inc., model:Watch, hardware:Watch6,2, software:7.5>",2022-03-28 22:38:53 +0000,2022-03-28 23:49:14 +0000,TraditionalStrengthTraining,4220.166764974594,sec,852.485 kcal,,,,8.30147 kcal/hr·kg,0,2500 %,68 degF,America/Los_Angeles
HKWorkoutTypeIdentifier,James’s Apple Watch,7.5,"Watch6,2","<<HKDevice: 0x283a8cb90>, name:Apple Watch, manufacturer:Apple Inc., model:Watch, hardware:Watch6,2, software:7.5>",2022-03-29 22:54:56 +0000,2022-03-29 23:35:44 +0000,TraditionalStrengthTraining,2448.984612107277,sec,473.859 kcal,,,,7.88821 kcal/hr·kg,0,3000 %,64.4 degF,America/Los_Angeles
HKWorkoutTypeIdentifier,James’s Apple Watch,7.5,"Watch6,2","<<HKDevice: 0x283a8cb90>, name:Apple Watch, manufacturer:Apple Inc., model:Watch, hardware:Watch6,2, software:7.5>",2022-03-30 22:32:06 +0000,2022-03-30 23:42:49 +0000,TraditionalStrengthTraining,4243.642662882805,sec,653.629 kcal,,,,6.0261 kcal/hr·kg,0,3300 %,55.4 degF,America/Los_Angeles
HKWorkoutTypeIdentifier,James’s Apple Watch,7.5,"Watch6,2","<<HKDevice: 0x283a8cb90>, name:Apple Watch, manufacturer:Apple Inc., model:Watch, hardware:Watch6,2, software:7.5>",2022-04-01 23:46:33 +0000,2022-04-02 00:53:22 +0000,TraditionalStrengthTraining,4008.8269480466843,sec,723.996 kcal,,,,7.36515 kcal/hr·kg,0,3400 %,55.4 degF,America/Los_Angeles
HKWorkoutTypeIdentifier,James’s Apple Watch,7.5,"Watch6,2","<<HKDevice: 0x283a8cb90>, name:Apple Watch, manufacturer:Apple Inc., model:Watch, hardware:Watch6,2, software:7.5>",2022-04-02 21:46:36 +0000,2022-04-02 22:50:18 +0000,TraditionalStrengthTraining,3821.98666203022,sec,556.402 kcal,,,,5.72574 kcal/hr·kg,0,2900 %,55.4 degF,America/Los_Angeles
HKWorkoutTypeIdentifier,James’s Apple Watch,7.5,"Watch6,2","<<HKDevice: 0x283a8cb90>, name:Apple Watch, manufacturer:Apple Inc., model:Watch, hardware:Watch6,2, software:7.5>",2022-04-04 22:39:47 +0000,2022-04-04 23:43:01 +0000,TraditionalStrengthTraining,3793.9826411008835,sec,531.183 kcal,,,,5.23255 kcal/hr·kg,0,2600 %,51.8 degF,America/Los_Angeles
HKWorkoutTypeIdentifier,James’s Apple Watch,7.5,"Watch6,2","<<HKDevice: 0x283a8cb90>, name:Apple Watch, manufacturer:Apple Inc., model:Watch, hardware:Watch6,2, software:7.5>",2022-04-06 22:43:56 +0000,2022-04-07 00:08:50 +0000,TraditionalStrengthTraining,5093.389006018639,sec,646.568 kcal,,,,4.66382 kcal/hr·kg,0,2600 %,55.4 degF,America/Los_Angeles
HKWorkoutTypeIdentifier,James’s Apple Watch,7.5,"Watch6,2","<<HKDevice: 0x283a8cb90>, name:Apple Watch, manufacturer:Apple Inc., model:Watch, hardware:Watch6,2, software:7.5>",2022-04-14 23:30:17 +0000,2022-04-15 00:34:32 +0000,TraditionalStrengthTraining,3854.14750289917,sec,875.994 kcal,,,,9.54486 kcal/hr·kg,0,3900 %,41 degF,America/Los_Angeles
